"i","Posicao","Modelo","Cache","Tdp"
"1","AMD Ryzen 1","1MB","250"
"2","AMD Ryzen 2","2MB","105"
"3","AMD Ryzen 3","18MB + 24.8MB","165"
"4","AMD Ryzen 4","18MB + 24.8MB","165"
"5","AMD Ryzen 5","1MB","250"
"6","AMD Ryzen 6","2MB","105"
"7","AMD Ryzen 7","18MB" + "24.8MB","165"
"8","AMD Ryzen 8","18MB" + "24.8MB","165"
"9","AMD Ryzen 9","1MB","250"
"10","AMD Ryzen 10","2MB","105"
"11","AMD Ryzen 11","18MB + 24.8MB","165"
"12","AMD Ryzen 12","18MB + 24.8MB","165"
"13","AMD Ryzen 13","1MB","250"
"14","AMD Ryzen 14","2MB","105"
"15","AMD Ryzen 15","18MB + 24.8MB","165"
"16","AMD Ryzen 16","18MB + 24.8MB","165"
"17","AMD Ryzen 17","1MB","250"
"18","AMD Ryzen 18","2MB","105"
"19","AMD Ryzen 19","18MB + 24.8MB","165"
"20","AMD Ryzen 20","18MB + 24.8MB","165"
"21","AMD Ryzen 21","1MB","250"
"22","AMD Ryzen 22","2MB","105"
"23","AMD Ryzen 23","18MB + 24.8MB","165"
"24","AMD Ryzen 24","18MB + 24.8MB","165"
"25","AMD Ryzen 25","1MB","250"
"26","AMD Ryzen 26","2MB","105"
"27","AMD Ryzen 27","18MB + 24.8MB","165"
"28","AMD Ryzen 28","18MB + 24.8MB","165"
"29","AMD Ryzen 29","1MB","250"
"30","AMD Ryzen 30","2MB","105"
"31","AMD Ryzen 31","18MB + 24.8MB","165"
"32","AMD Ryzen 32","18MB + 24.8MB","165"
"33","AMD Ryzen 33","1MB","250"
"34","AMD Ryzen 34","2MB","105"
"35","AMD Ryzen 35","18MB + 24.8MB","165"
"36","AMD Ryzen 36","18MB + 24.8MB","165"
"37","AMD Ryzen 37","1MB","250"
"38","AMD Ryzen 38","2MB","105"
"39","AMD Ryzen 39","18MB + 24.8MB","165"
"40","AMD Ryzen 40","18MB + 24.8MB","165"
"41","AMD Ryzen 41","1MB","250"
"42","AMD Ryzen 42","2MB","105"
"43","AMD Ryzen 43","18MB + 24.8MB","165"
"44","AMD Ryzen 44","18MB + 24.8MB","165"
"45","AMD Ryzen 45","1MB","250"
"46","AMD Ryzen 46","2MB","105"
"47","AMD Ryzen 47","18MB + 24.8MB","165"
"48","AMD Ryzen 48","18MB + 24.8MB","165"
"49","AMD Ryzen 49","1MB","250"
"50","AMD Ryzen 50","2MB","105"
"51","Intel Core i1","1MB","250"
"52","Intel Core i2","2MB","105"
"53","Intel Core i3","18MB + 24.8MB","165"
"54","Intel Core i4","18MB + 24.8MB","165"
"55","Intel Core i5","1MB","250"
"56","Intel Core i6","2MB","105"
"57","Intel Core i7","18MB + 24.8MB","165"
"58","Intel Core i8","18MB + 24.8MB","165"
"59","Intel Core i9","1MB","250"
"60","Intel Core i10","2MB","105"
"61","Intel Core i11","18MB + 24.8MB","165"
"62","Intel Core i12","18MB + 24.8MB","165"
"63","Intel Core i13","1MB","250"
"64","Intel Core i14","2MB","105"
"65","Intel Core i15","18MB + 24.8MB","165"
"66","Intel Core i16","18MB + 24.8MB","165"
"67","Intel Core i17","1MB","250"
"68","Intel Core i18","2MB","105"
"69","Intel Core i19","18MB + 24.8MB","165"
"70","Intel Core i20","18MB + 24.8MB","165"
"71","Intel Core i21","1MB","250"
"72","Intel Core i22","2MB","105"
"73","Intel Core i23","18MB + 24.8MB","165"
"74","Intel Core i24","18MB + 24.8MB","165"
"75","Intel Core i25","1MB","250"
"76","Intel Core i26","2MB","105"
"77","Intel Core i27","18MB + 24.8MB","165"
"78","Intel Core i28","18MB + 24.8MB","165"
"79","Intel Core i29","1MB","250"
"80","Intel Core i30","2MB","105"
"81","Intel Core i31","18MB + 24.8MB","165"
"82","Intel Core i32","18MB + 24.8MB","165"
"83","Intel Core i33","1MB","250"
"84","Intel Core i34","2MB","105"
"85","Intel Core i35","18MB + 24.8MB","165"
"86","Intel Core i36","18MB + 24.8MB","165"
"87","Intel Core i37","1MB","250"
"88","Intel Core i38","2MB","105"
"89","Intel Core i39","18MB + 24.8MB","165"
"90","Intel Core i40","18MB + 24.8MB","165"
"91","Intel Core i41","1MB","250"
"92","Intel Core i42","2MB","105"
"93","Intel Core i43","18MB + 24.8MB","165"
"94","Intel Core i44","18MB + 24.8MB","165"
"95","Intel Core i45","1MB","250"
"96","Intel Core i46","2MB","105"
"97","Intel Core i47","18MB + 24.8MB","165"
"98","Intel Core i48","18MB + 24.8MB","165"
"99","Intel Core i49","1MB","250"
"100","Intel Core i50","2MB","105"




